{
  "model": "PhoBERT_MVA_KAN_1D",
  "model_file": "best_PhoBERT_MVA_KAN_1D.pt",
  "checkpoint": "E:\\PCDOC\\NGHIENCUUKHOAHOC\\dataupload\\softlogic_vibert\\data\\newpipeline\\final\\outputs\\best_PhoBERT_MVA_KAN_1D.pt",
  "num_labels": 6,
  "labels": [
    "Enjoyment",
    "Sadness",
    "Anger",
    "Surprise",
    "Fear",
    "Disgust"
  ],
  "num_samples_val": 2678,
  "num_samples_test": 2643,
  "dropped_val_rows": 437,
  "dropped_test_rows": 472,
  "threshold_source": "checkpoint",
  "thresholds": [
    0.7300000190734863,
    0.6700000166893005,
    0.4699999988079071,
    0.8100000023841858,
    0.9300000071525574,
    0.09000000357627869
  ],
  "metrics": {
    "Accuracy": 0.9298146046159667,
    "F1-micro": 0.840063227475212,
    "F1-macro": 0.8318963769285124,
    "F1-weighted": 0.8416873288144827
  },
  "classification_report": {
    "Enjoyment": {
      "precision": 0.881407804131599,
      "recall": 0.8978955572876072,
      "f1-score": 0.8895752895752895,
      "support": 1283.0
    },
    "Sadness": {
      "precision": 0.8854625550660793,
      "recall": 0.7760617760617761,
      "f1-score": 0.8271604938271605,
      "support": 518.0
    },
    "Anger": {
      "precision": 0.8275862068965517,
      "recall": 0.8549618320610687,
      "f1-score": 0.8410513141426783,
      "support": 393.0
    },
    "Surprise": {
      "precision": 0.8065326633165829,
      "recall": 0.7886977886977887,
      "f1-score": 0.7975155279503106,
      "support": 407.0
    },
    "Fear": {
      "precision": 0.9036144578313253,
      "recall": 0.8152173913043478,
      "f1-score": 0.8571428571428571,
      "support": 184.0
    },
    "Disgust": {
      "precision": 0.6779252110977081,
      "recall": 0.9153094462540716,
      "f1-score": 0.7789327789327789,
      "support": 614.0
    },
    "micro avg": {
      "precision": 0.821067415730337,
      "recall": 0.8599588114151221,
      "f1-score": 0.840063227475212,
      "support": 3399.0
    },
    "macro avg": {
      "precision": 0.8304214830566411,
      "recall": 0.8413572986111101,
      "f1-score": 0.8318963769285124,
      "support": 3399.0
    },
    "weighted avg": {
      "precision": 0.8312818856605535,
      "recall": 0.8599588114151221,
      "f1-score": 0.8416873288144827,
      "support": 3399.0
    },
    "samples avg": {
      "precision": 0.8430445201160299,
      "recall": 0.8658721150208097,
      "f1-score": 0.8398915373943752,
      "support": 3399.0
    }
  },
  "multilabel_confusion_matrix": [
    [
      [
        1205,
        155
      ],
      [
        131,
        1152
      ]
    ],
    [
      [
        2073,
        52
      ],
      [
        116,
        402
      ]
    ],
    [
      [
        2180,
        70
      ],
      [
        57,
        336
      ]
    ],
    [
      [
        2159,
        77
      ],
      [
        86,
        321
      ]
    ],
    [
      [
        2443,
        16
      ],
      [
        34,
        150
      ]
    ],
    [
      [
        1762,
        267
      ],
      [
        52,
        562
      ]
    ]
  ],
  "threshold_tuning": [],
  "source": "split_retest_existing_checkpoints"
}